,Id,modularity_class
0,2428,0
1,524,0
2,921,0
3,177,2
4,96,2
5,6981,2
6,130,2
7,1910,2
8,2524,2
9,4617,2
10,4535,2
11,9040,2
12,271,0
13,276,0
14,423,0
15,1003,0
16,109,6
17,765,0
18,2048,6
19,119,1
20,362,0
21,447,0
22,419,0
23,1188,0
24,1501,2
25,585,0
26,8796,0
27,3200,6
28,7222,6
29,5767,0
30,1694,6
31,4899,6
32,112,1
33,3483,3
34,1333,1
35,159,6
36,1303,2
37,14,1
38,4085,2
39,616,0
40,1714,0
41,87,6
42,190,3
43,1410,0
44,905,0
45,2074,0
46,2034,6
47,1443,0
48,108,6
49,692,6
50,1485,0
51,2624,0
52,8529,0
53,42,0
54,105,6
55,421,6
56,1904,6
57,1159,6
58,3656,6
59,12162,6
60,255,3
61,73,3
62,5087,3
63,1287,3
64,242,2
65,258,3
66,32,6
67,223,2
68,2325,2
69,99,2
70,232,2
71,4240,2
72,431,2
73,225,0
74,5366,4
75,3964,0
76,1070,0
77,1308,1
78,2806,1
79,2287,1
80,171,1
81,6,1
82,1636,2
83,7965,4
84,346,3
85,747,2
86,557,2
87,2332,2
88,780,6
89,1742,0
90,1353,0
91,144,6
92,208,6
93,1974,0
94,405,2
95,409,2
96,709,2
97,3455,2
98,720,2
99,712,2
100,412,2
101,670,6
102,311,6
103,3453,6
104,2239,1
105,5881,6
106,734,1
107,59,1
108,4420,6
109,422,6
110,1661,6
111,1697,6
112,5545,6
113,1135,2
114,5541,0
115,1592,7
116,233,0
117,1803,6
118,2097,6
119,650,6
120,5589,7
121,7576,6
122,10,1
123,859,6
124,967,6
125,2259,0
126,28,6
127,120,2
128,2140,6
129,15,1
130,1623,4
131,2461,6
132,341,1
133,169,1
134,4527,6
135,4493,6
136,4998,0
137,4824,0
138,6394,0
139,5942,0
140,5515,0
141,1891,2
142,509,6
143,1830,3
144,1145,6
145,401,0
146,676,0
147,3463,0
148,4276,0
149,4277,0
150,295,6
151,867,6
152,394,6
153,868,6
154,869,6
155,658,6
156,1359,1
157,620,1
158,1338,1
159,595,1
160,5437,1
161,2623,1
162,374,0
163,448,0
164,43,0
165,64,0
166,366,6
167,1755,0
168,370,2
169,58,6
170,2030,6
171,376,6
172,2652,6
173,1304,6
174,3492,1
175,7034,6
176,163,2
177,344,3
178,954,3
179,237,2
180,6209,6
181,1138,6
182,3412,6
183,949,6
184,1415,6
185,5439,6
186,1016,6
187,645,1
188,1470,0
189,1399,0
190,201,4
191,1652,0
192,987,0
193,1386,6
194,2296,0
195,698,6
196,1414,0
197,944,6
198,1874,6
199,1842,6
200,883,0
201,2593,0
202,7383,1
203,146,2
204,5659,2
205,999,1
206,528,1
207,527,2
208,325,6
209,936,6
210,71,3
211,2027,1
212,838,6
213,1647,0
214,1402,0
215,579,0
216,1176,2
217,403,2
218,86,2
219,2484,0
220,81,1
221,7351,3
222,2186,4
223,1566,0
224,6120,3
225,1186,4
226,690,2
227,581,1
228,2728,3
229,69,0
230,3143,0
231,266,2
232,1345,6
233,145,6
234,2735,2
235,143,6
236,7526,0
237,1656,1
238,98,2
239,88,0
240,460,6
241,1155,6
242,4459,6
243,2197,1
244,2956,1
245,1372,1
246,755,1
247,1371,1
248,667,1
249,1374,1
250,762,1
251,1165,1
252,379,0
253,80,0
254,7452,1
255,142,1
256,3343,1
257,1240,1
258,4696,1
259,2190,1
260,45,1
261,372,0
262,959,6
263,50,0
264,2359,0
265,1956,3
266,7095,3
267,4180,4
268,615,4
269,1184,4
270,619,4
271,1275,5
272,1276,5
273,604,5
274,995,5
275,2681,0
276,4029,6
277,444,6
278,1781,6
279,1207,1
280,2479,6
281,2969,6
282,8184,0
283,1872,6
284,1869,6
285,4377,6
286,8964,4
287,1084,4
288,1855,4
289,814,4
290,23,4
291,2892,4
292,1570,1
293,1172,2
294,235,2
295,3388,6
296,4,2
297,1285,2
298,3369,2
299,647,6
300,26,1
301,3332,6
302,75,3
303,962,6
304,2896,6
305,1632,2
306,1824,2
307,183,2
308,986,0
309,2528,1
310,4112,1
311,2864,2
312,100,2
313,101,2
314,186,2
315,1599,5
316,7442,5
317,1277,5
318,1931,0
319,2908,2
320,2808,2
321,1404,3
322,2178,1
323,2082,2
324,502,3
325,206,4
326,4107,2
327,946,1
328,1263,2
329,3203,6
330,976,6
331,694,6
332,1157,6
333,1346,6
334,2531,6
335,168,1
336,161,6
337,3273,3
338,7994,3
339,715,6
340,1816,1
341,2960,1
342,997,2
343,2091,0
344,377,0
345,383,0
346,2771,1
347,1922,0
348,1508,6
349,2174,6
350,424,6
351,1547,0
352,3766,0
353,63,0
354,577,0
355,1468,0
356,2399,0
357,2401,0
358,2402,0
359,4309,6
360,287,2
361,8056,6
362,7518,6
363,490,0
364,1352,2
365,228,2
366,669,1
367,1459,1
368,4536,3
369,5680,3
370,48,1
371,3668,6
372,6674,1
373,4415,1
374,156,6
375,1846,6
376,6208,6
377,1109,1
378,1223,6
379,2564,6
380,1380,1
381,1430,6
382,503,3
383,3828,1
384,7135,6
385,2342,1
386,4342,2
387,5636,2
388,1555,6
389,2478,6
390,1509,5
391,754,0
392,2499,2
393,2492,0
394,46,2
395,1409,2
396,3768,0
397,3152,0
398,1473,1
399,4016,0
400,555,0
401,53,1
402,230,0
403,656,0
404,3086,6
405,2069,6
406,5,6
407,1964,2
408,2857,4
409,530,2
410,3251,2
411,1769,2
412,3713,2
413,4519,2
414,1645,2
415,4883,2
416,461,6
417,4693,1
418,5811,3
419,3719,1
420,6632,1
421,531,1
422,1127,0
423,336,1
424,3028,0
425,3314,0
426,1099,1
427,783,6
428,3905,0
429,1538,2
430,245,0
431,337,0
432,523,0
433,7276,0
434,3896,1
435,621,1
436,2666,1
437,458,6
438,613,6
439,515,0
440,718,2
441,1614,0
442,1924,0
443,708,2
444,532,2
445,535,2
446,2358,2
447,3756,3
448,1920,0
449,3935,0
450,273,0
451,182,2
452,5776,6
453,5814,6
454,679,6
455,285,2
456,2574,2
457,102,2
458,4904,6
459,1613,2
460,1436,0
461,1586,1
462,5769,0
463,1055,3
464,2372,2
465,9494,2
466,1279,0
467,2371,2
468,2370,2
469,3162,0
470,1989,0
471,2963,0
472,2379,0
473,2977,0
474,2053,1
475,1469,0
476,2787,6
477,1185,0
478,36,0
479,68,0
480,1448,0
481,1106,2
482,324,2
483,2555,2
484,2205,0
485,741,7
486,5314,6
487,3318,2
488,3026,2
489,281,5
490,5282,1
491,11,6
492,200,4
493,1326,6
494,672,1
495,6018,6
496,508,6
497,2099,6
498,139,6
499,483,6
500,348,3
501,445,2
502,900,2
503,1032,4
504,4879,0
505,6288,0
506,5600,1
507,1804,1
508,2642,1
509,2582,1
510,7,1
511,651,1
512,3116,1
513,3704,1
514,1158,6
515,1465,6
516,5000,0
517,8553,0
518,1416,2
519,1280,0
520,1354,0
521,1865,0
522,402,3
523,3735,3
524,265,3
525,8844,3
526,1556,0
527,1557,0
528,3007,6
529,1558,0
530,1643,6
531,1417,0
532,1320,0
533,1439,2
534,2424,1
535,2270,1
536,1563,5
537,123,2
538,1446,0
539,1633,2
540,815,2
541,2181,1
542,485,0
543,827,6
544,1659,6
545,219,6
546,439,6
547,2351,0
548,3446,2
549,1139,2
550,599,6
551,1540,2
552,2941,7
553,3309,1
554,5791,1
555,277,6
556,4773,6
557,2550,6
558,4977,6
559,1474,6
560,1483,6
561,3567,6
562,289,0
563,897,0
564,2321,6
565,591,6
566,452,6
567,2792,6
568,79,3
569,813,0
570,1495,6
571,342,2
572,2992,0
573,4319,6
574,1187,0
575,4037,6
576,587,0
577,1907,2
578,3485,3
579,664,3
580,3197,2
581,3095,0
582,492,0
583,39,0
584,10605,1
585,498,0
586,2707,4
587,567,4
588,1211,4
589,1182,4
590,1181,4
591,2017,4
592,6588,6
593,603,6
594,2460,6
595,2900,0
596,157,6
597,115,1
598,2788,1
599,1108,2
600,590,2
601,1819,2
602,1196,2
603,1676,3
604,2126,6
605,501,3
606,3173,2
607,953,3
608,955,3
609,1038,0
610,942,2
611,924,4
612,2868,2
613,855,6
614,1122,0
615,1125,0
616,4820,0
617,1191,2
618,3334,1
619,4372,1
620,4783,1
621,5735,3
622,3623,0
623,3967,4
624,2525,0
625,5129,1
626,2037,0
627,2046,6
628,4897,6
629,89,6
630,3880,6
631,175,6
632,8268,3
633,1148,2
634,11141,2
635,137,0
636,3182,6
637,1946,6
638,1917,2
639,1820,2
640,1919,2
641,4887,2
642,160,6
643,93,6
644,958,0
645,1898,6
646,1878,0
647,1730,0
648,4129,6
649,1539,2
650,4353,2
651,2084,2
652,152,6
653,836,1
654,4040,1
655,1903,6
656,1160,6
657,1137,6
658,1699,6
659,1660,6
660,4036,6
661,4351,2
662,2899,0
663,653,0
664,7854,4
665,1942,4
666,3476,0
667,121,2
668,127,2
669,3374,0
670,3957,1
671,4759,0
672,1412,2
673,1098,6
674,3077,1
675,1407,1
676,4885,1
677,2283,2
678,2059,6
679,6591,3
680,940,6
681,3025,2
682,3158,0
683,1233,1
684,1253,0
685,1310,1
686,2272,6
687,881,0
688,3547,1
689,2229,6
690,8321,0
691,920,0
692,2373,0
693,7447,0
694,3329,6
695,3085,6
696,1205,6
697,8057,6
698,6149,1
699,462,6
700,3345,6
701,398,6
702,4203,6
703,6419,0
704,495,0
705,1457,6
706,4092,4
707,2416,6
708,766,6
709,1007,6
710,878,6
711,1000,6
712,167,2
713,2179,2
714,339,0
715,47,1
716,1273,5
717,450,2
718,1477,1
719,3098,0
720,4404,0
721,2333,6
722,1069,0
723,1328,0
724,4491,6
725,4324,0
726,4712,0
727,1505,1
728,1491,6
729,1178,4
730,826,2
731,5779,6
732,2406,4
733,132,0
734,1868,6
735,902,2
736,534,2
737,1617,0
738,6624,3
739,609,4
740,8452,4
741,8240,6
742,1005,0
743,3135,6
744,947,6
745,4466,0
746,2722,6
747,2724,6
748,2438,6
749,2726,6
750,2616,6
751,3590,0
752,2410,6
753,537,2
754,3539,6
755,330,2
756,3295,1
757,1843,6
758,2080,6
759,3121,2
760,6893,2
761,725,2
762,711,2
763,904,2
764,1606,0
765,1991,0
766,2092,0
767,3041,0
768,6851,6
769,6222,0
770,2457,6
771,315,6
772,215,6
773,1718,1
774,3425,6
775,1151,6
776,1347,6
777,1637,0
778,2201,2
779,2163,0
780,236,2
781,749,0
782,1002,4
783,8588,3
784,1498,3
785,5564,1
786,3256,1
787,1394,1
788,1792,6
789,356,6
790,2343,6
791,821,0
792,2127,2
793,9261,6
794,1066,6
795,4456,6
796,351,7
797,1708,6
798,407,2
799,5961,1
800,5748,0
801,5359,2
802,7825,2
803,9161,2
804,443,4
805,500,3
806,7792,6
807,1861,2
808,189,3
809,327,2
810,4355,2
811,673,1
812,1605,6
813,247,6
814,170,1
815,286,0
816,18,1
817,2504,1
818,5992,1
819,5993,1
820,5994,1
821,6964,2
822,4236,0
823,695,6
824,1060,2
825,6025,2
826,2085,2
827,3117,2
828,8265,2
829,1638,0
830,961,6
831,737,7
832,1040,6
833,740,7
834,10898,6
835,4787,6
836,2639,8
837,1367,1
838,1389,6
839,6395,0
840,1384,2
841,2320,6
842,1644,6
843,3349,6
844,2784,6
845,4250,6
846,2452,6
847,3541,6
848,812,1
849,4642,1
850,1748,6
851,2280,6
852,1065,1
853,2894,6
854,3327,6
855,9001,1
856,703,6
857,1553,6
858,716,0
859,1530,3
860,533,2
861,4545,3
862,2594,3
863,1217,3
864,1487,1
865,147,1
866,1349,6
867,1418,6
868,1766,6
869,9204,0
870,1611,0
871,3031,2
872,3706,6
873,732,1
874,553,2
875,1851,6
876,2060,0
877,2356,6
878,977,6
879,5711,6
880,3625,0
881,1752,1
882,2622,3
883,1817,0
884,7029,6
885,2984,2
886,2981,2
887,2250,6
888,9090,2
889,2106,0
890,1260,6
891,6097,6
892,1102,0
893,34,0
894,7233,0
895,2192,0
896,2191,4
897,4588,6
898,3477,3
899,465,1
900,3067,2
901,735,1
902,309,6
903,27,6
904,9150,6
905,116,1
906,1481,1
907,2055,6
908,13146,0
909,4292,0
910,2456,6
911,8907,2
912,3991,1
913,1893,1
914,1802,6
915,1823,6
916,413,6
917,345,3
918,2312,6
919,2024,6
920,1358,6
921,923,0
922,1519,3
923,1068,4
924,3151,0
925,3875,0
926,4061,6
927,1686,6
928,331,6
929,479,6
930,6499,4
931,4957,1
932,2865,2
933,9934,0
934,1466,0
935,4603,6
936,5852,0
937,343,3
938,7912,4
939,1938,4
940,1090,4
941,1313,0
942,2256,0
943,1061,2
944,2886,6
945,2626,0
946,4795,4
947,1210,4
948,1085,4
949,2709,4
950,4854,4
951,3624,0
952,1255,1
953,2590,1
954,4199,6
955,2967,6
956,3518,1
957,2286,0
958,2565,0
959,2130,0
960,9643,2
961,9654,1
962,5946,1
963,4613,1
964,357,6
965,1960,6
966,129,2
967,7704,1
968,1739,0
969,224,6
970,229,0
971,2744,0
972,9129,3
973,1534,3
974,1201,6
975,4374,3
976,20,3
977,1682,4
978,568,4
979,574,4
980,1062,2
981,3891,1
982,4810,0
983,1373,6
984,1467,6
985,4563,6
986,618,0
987,5163,0
988,10364,2
989,406,2
990,4136,0
991,3563,6
992,3890,1
993,463,6
994,3732,3
995,3743,1
996,1737,1
997,504,6
998,296,6
999,3714,6
1000,7062,6
1001,964,6
1002,1318,0
1003,8972,0
1004,484,0
1005,2785,0
1006,2314,3
1007,2315,3
1008,263,3
1009,2317,3
1010,2318,3
1011,3782,0
1012,2160,0
1013,4314,4
1014,1499,2
1015,5568,1
1016,5063,2
1017,1977,1
1018,1162,0
1019,5573,6
1020,1972,2
1021,2466,0
1022,2813,0
1023,2716,1
1024,2225,6
1025,714,6
1026,3648,0
1027,2111,6
1028,1150,6
1029,4128,6
1030,7626,1
1031,2922,2
1032,9958,2
1033,4541,6
1034,1526,0
1035,1193,1
1036,11560,4
1037,3036,0
1038,2119,2
1039,1762,6
1040,1251,6
1041,874,0
1042,759,1
1043,4161,1
1044,886,6
1045,449,2
1046,1174,2
1047,2638,4
1048,6224,6
1049,882,0
1050,866,6
1051,5883,6
1052,526,6
1053,5675,2
1054,480,6
1055,2328,6
1056,3561,6
1057,9236,1
1058,5963,3
1059,5983,6
1060,1306,6
1061,1342,1
1062,207,6
1063,2953,6
1064,6326,1
1065,6987,6
1066,246,6
1067,1343,6
1068,3348,1
1069,209,6
1070,4618,2
1071,5579,6
1072,4375,6
1073,4398,0
1074,2284,3
1075,4526,3
1076,1419,6
1077,2271,6
1078,5642,6
1079,2269,6
1080,5656,2
1081,943,2
1082,5658,2
1083,5053,2
1084,5761,0
1085,2493,0
1086,1375,6
1087,536,2
1088,1107,2
1089,1074,2
1090,521,0
1091,1542,2
1092,3390,1
1093,922,2
1094,2684,0
1095,1549,0
1096,3639,6
1097,1787,6
1098,2467,2
1099,2216,0
1100,369,2
1101,4340,2
1102,2347,2
1103,7443,6
1104,1883,6
1105,2274,0
1106,1392,0
1107,478,6
1108,3408,1
1109,1546,0
1110,597,1
1111,4026,1
1112,2386,0
1113,487,0
1114,642,1
1115,1336,6
1116,5690,3
1117,2279,6
1118,2656,6
1119,1080,6
1120,7772,0
1121,3153,1
1122,933,1
1123,1339,6
1124,314,6
1125,5615,0
1126,2170,0
1127,3504,0
1128,3804,2
1129,4241,2
1130,3023,2
1131,6583,6
1132,2587,1
1133,1133,6
1134,4514,0
1135,4071,1
1136,2232,1
1137,432,1
1138,522,0
1139,3127,0
1140,4305,0
1141,751,0
1142,326,2
1143,360,2
1144,1052,3
1145,3253,6
1146,283,1
1147,9399,6
1148,639,6
1149,5426,0
1150,3073,2
1151,6191,2
1152,4630,0
1153,8607,0
1154,3931,0
1155,3497,0
1156,5234,0
1157,3501,0
1158,7354,0
1159,7786,1
1160,2611,1
1161,2911,1
1162,4684,6
1163,2195,0
1164,8308,0
1165,2381,0
1166,4571,6
1167,2262,6
1168,1784,6
1169,312,6
1170,1962,6
1171,3671,1
1172,786,3
1173,11613,7
1174,1512,7
1175,1301,7
1176,1455,6
1177,1923,0
1178,733,1
1179,1229,1
1180,1805,1
1181,5567,2
1182,2470,2
1183,6505,0
1184,2078,1
1185,799,2
1186,5128,3
1187,2998,3
1188,187,3
1189,181,2
1190,8083,6
1191,685,2
1192,6334,1
1193,793,3
1194,1543,2
1195,1500,0
1196,6206,6
1197,5661,2
1198,7261,0
1199,3496,0
1200,3499,0
1201,7399,6
1202,2367,2
1203,2368,2
1204,2369,2
1205,1029,1
1206,2454,6
1207,5606,6
1208,4084,2
1209,3861,0
1210,1625,4
1211,4266,0
1212,3226,0
1213,5873,6
1214,1433,6
1215,11619,6
1216,6293,6
1217,3579,6
1218,939,1
1219,1368,8
1220,2131,6
1221,2104,0
1222,340,0
1223,2421,1
1224,6125,2
1225,4344,3
1226,61,0
1227,802,7
1228,193,8
1229,689,8
1230,191,8
1231,199,8
1232,1703,2
1233,1297,7
1234,1513,7
1235,569,6
1236,1305,6
1237,3491,1
1238,1202,1
1239,5490,2
1240,25,6
1241,4508,1
1242,6265,0
1243,1299,7
1244,3577,0
1245,2420,2
1246,3311,0
1247,1494,0
1248,5435,6
1249,7838,1
1250,3583,7
1251,6863,7
1252,3867,7
1253,1189,0
1254,2731,7
1255,1460,1
1256,2979,7
1257,5721,2
1258,1550,0
1259,602,6
1260,2434,6
1261,5046,2
1262,1344,6
1263,3599,2
1264,3209,2
1265,7314,0
1266,5026,1
1267,769,2
1268,4227,0
1269,772,2
1270,6268,2
1271,816,2
1272,1886,2
1273,2455,4
1274,4286,2
1275,1735,0
1276,2629,3
1277,914,0
1278,605,5
1279,2176,3
1280,4430,0
1281,4956,1
1282,2422,1
1283,2423,1
1284,5890,6
1285,1256,1
1286,2811,0
1287,2209,0
1288,3632,1
1289,433,6
1290,5132,6
1291,8,6
1292,284,1
1293,4341,2
1294,10668,7
1295,3545,1
1296,4063,6
1297,4317,2
1298,1366,1
1299,1783,1
1300,2251,1
1301,697,6
1302,1973,4
1303,641,6
1304,918,0
1305,425,1
1306,5144,3
1307,3069,6
1308,1051,3
1309,1056,3
1310,3593,4
1311,4094,0
1312,2041,6
1313,7190,6
1314,1391,6
1315,1411,2
1316,3873,0
1317,1072,0
1318,7851,0
1319,2384,0
1320,11565,3
1321,634,3
1322,3166,6
1323,4556,2
1324,3589,0
1325,8341,6
1326,196,8
1327,198,8
1328,3850,8
1329,722,2
1330,293,6
1331,9349,6
1332,9068,1
1333,4679,6
1334,1451,1
1335,2103,0
1336,1332,6
1337,879,0
1338,3033,0
1339,1935,0
1340,1934,0
1341,1936,0
1342,5346,2
1343,6882,6
1344,3447,2
1345,4083,2
1346,4221,2
1347,2645,6
1348,4019,0
1349,4021,0
1350,4020,0
1351,4022,0
1352,3258,1
1353,3698,2
1354,5409,2
1355,801,6
1356,16329,0
1357,992,5
1358,3600,2
1359,3643,0
1360,9793,1
1361,2563,1
1362,1009,6
1363,1362,1
1364,8037,1
1365,4042,1
1366,2156,3
1367,7272,0
1368,3956,0
1369,1806,0
1370,4096,0
1371,5083,6
1372,4154,6
1373,8606,6
1374,9020,0
1375,2884,7
1376,1810,6
1377,2382,0
1378,2350,0
1379,1400,0
1380,2049,2
1381,5504,1
1382,3433,1
1383,5203,1
1384,1657,6
1385,825,6
1386,7347,4
1387,1620,0
1388,2243,6
1389,4772,1
1390,5271,0
1391,211,6
1392,3700,0
1393,2329,1
1394,3011,0
1395,2409,6
1396,2935,2
1397,1545,0
1398,1753,0
1399,3384,1
1400,6310,1
1401,2014,1
1402,2698,1
1403,4555,2
1404,301,7
1405,4852,2
1406,3763,2
1407,2050,2
1408,4047,0
1409,4046,0
1410,4050,0
1411,4484,6
1412,44,1
1413,2480,6
1414,1916,2
1415,721,2
1416,2137,3
1417,683,2
1418,2538,0
1419,2925,0
1420,3207,6
1421,253,6
1422,9130,1
1423,956,3
1424,7533,2
1425,4437,3
1426,4230,4
1427,3824,6
1428,210,6
1429,3527,0
1430,11476,2
1431,3628,2
1432,5475,2
1433,3652,0
1434,8303,0
1435,4884,6
1436,5245,2
1437,9093,0
1438,1607,6
1439,2058,6
1440,3843,4
1441,2316,3
1442,8023,6
1443,3949,6
1444,8957,4
1445,4205,1
1446,2354,2
1447,1749,6
1448,4308,6
1449,7500,6
1450,5109,6
1451,4825,6
1452,1496,2
1453,3277,0
1454,3810,0
1455,7132,1
1456,1912,6
1457,149,6
1458,9339,6
1459,6707,2
1460,5489,1
1461,1541,1
1462,133,1
1463,1004,1
1464,7920,0
1465,1653,0
1466,2006,6
1467,1702,2
1468,2909,6
1469,1908,0
1470,6612,2
1471,2040,2
1472,128,2
1473,2973,1
1474,2468,0
1475,3222,6
1476,3716,6
1477,368,0
1478,2708,4
1479,5186,6
1480,2812,0
1481,1432,6
1482,2650,0
1483,2649,0
1484,4529,6
1485,2291,1
1486,404,3
1487,3912,6
1488,6787,5
1489,1976,1
1490,1754,6
1491,1616,1
1492,5241,6
1493,10792,6
1494,2944,0
1495,4817,0
1496,4057,0
1497,9087,6
1498,2765,6
1499,1444,0
1500,2107,0
1501,5478,1
1502,2215,0
1503,5962,6
1504,5694,6
1505,2990,6
1506,4093,2
1507,727,2
1508,2755,2
1509,6284,0
1510,3691,2
1511,436,2
1512,9804,2
1513,927,2
1514,750,0
1515,951,3
1516,2233,1
1517,5537,6
1518,1086,4
1519,103,2
1520,2029,6
1521,563,6
1522,7092,6
1523,92,6
1524,10901,2
1525,1712,2
1526,1585,3
1527,2961,0
1528,6154,6
1529,8776,4
1530,1961,6
1531,4153,6
1532,7311,1
1533,141,6
1534,8531,3
1535,7324,2
1536,989,2
1537,8503,2
1538,2439,6
1539,8377,6
1540,659,1
1541,2741,1
1542,2463,0
1543,1892,0
1544,5017,0
1545,3765,0
1546,4388,0
1547,6668,0
1548,5259,6
1549,434,6
1550,1425,6
1551,3254,6
1552,11045,0
1553,5910,6
1554,1937,4
1555,6900,4
1556,1230,4
1557,6317,3
1558,2266,6
1559,1067,2
1560,3264,0
1561,1199,2
1562,4140,6
1563,3493,6
1564,777,0
1565,393,6
1566,4872,6
1567,3330,6
1568,4260,6
1569,4816,1
1570,1812,1
1571,4348,6
1572,3711,6
1573,1001,6
1574,668,1
1575,5657,2
1576,367,6
1577,578,1
1578,243,0
1579,2281,2
1580,1370,2
1581,3194,6
1582,5104,3
1583,3751,0
1584,2175,0
1585,8532,6
1586,13873,0
1587,150,1
1588,710,2
1589,4647,6
1590,16,0
1591,4335,0
1592,2045,0
1593,3941,6
1594,91,0
1595,2207,0
1596,2252,1
1597,1668,6
1598,5194,6
1599,2227,6
1600,1360,1
1601,3889,1
1602,11492,2
1603,1456,6
1604,2129,3
1605,1840,6
1606,1700,2
1607,3020,0
1608,3163,0
1609,6990,6
1610,6874,1
1611,3183,6
1612,4350,6
1613,6389,6
1614,1726,0
1615,1105,1
1616,1584,2
1617,2586,2
1618,4732,6
1619,3695,0
1620,2762,2
1621,9908,2
1622,8219,4
1623,5332,6
1624,2217,0
1625,1382,6
1626,885,6
1627,4476,2
1628,49,4
1629,1902,6
1630,1103,4
1631,4295,0
1632,9757,0
1633,1206,6
1634,5692,3
1635,279,6
1636,6672,1
1637,3120,2
1638,2986,2
1639,2985,2
1640,3123,2
1641,3265,4
1642,5051,0
1643,335,6
1644,2500,2
1645,5716,2
1646,4409,1
1647,3003,0
1648,17552,0
1649,8605,6
1650,4896,4
1651,297,6
1652,4621,7
1653,3926,2
1654,134,0
1655,1720,6
1656,5054,3
1657,4169,0
1658,6511,0
1659,6089,0
1660,3240,6
1661,5653,0
1662,1583,2
1663,1642,2
1664,4132,2
1665,4135,2
1666,3672,2
1667,5073,2
1668,4947,0
1669,3305,6
1670,1274,5
1671,2705,1
1672,3316,0
1673,4052,2
1674,12306,6
1675,3145,1
1676,3925,2
1677,3737,2
1678,2282,4
1679,551,2
1680,6490,0
1681,2355,2
1682,1639,2
1683,2592,3
1684,5866,0
1685,880,0
1686,2779,2
1687,3087,6
1688,4106,6
1689,3701,1
1690,3983,1
1691,1709,6
1692,4865,6
1693,4133,2
1694,915,1
1695,4127,2
1696,7117,6
1697,5500,4
1698,2413,4
1699,3864,0
1700,700,6
1701,7203,2
1702,1598,5
1703,7692,2
1704,30,6
1705,3853,1
1706,4066,0
1707,4182,1
1708,2954,6
1709,3963,0
1710,4858,6
1711,4860,6
1712,4619,0
1713,2612,1
1714,3683,0
1715,937,6
1716,3284,1
1717,9202,1
1718,2890,6
1719,9054,6
1720,4053,3
1721,7371,0
1722,6312,1
1723,3282,1
1724,7231,6
1725,1591,0
1726,1597,7
1727,7330,6
1728,2363,6
1729,2093,6
1730,5174,6
1731,3070,0
1732,3107,6
1733,1640,1
1734,3171,2
1735,10072,6
1736,10540,2
1737,1478,1
1738,24,6
1739,884,3
1740,95,6
1741,7736,0
1742,5790,1
1743,612,6
1744,1559,0
1745,1771,1
1746,6134,6
1747,7074,6
1748,1097,1
1749,2546,3
1750,6384,1
1751,3512,6
1752,6132,1
1753,2912,2
1754,2398,0
1755,2658,3
1756,426,6
1757,363,6
1758,1292,2
1759,3635,1
1760,4867,6
1761,371,0
1762,1124,0
1763,3506,0
1764,3769,6
1765,1212,4
1766,636,6
1767,7503,1
1768,354,1
1769,2193,1
1770,227,2
1771,5011,2
1772,10001,0
1773,6750,4
1774,2971,6
1775,82,0
1776,11013,6
1777,3645,0
1778,2079,6
1779,7837,6
1780,1475,2
1781,2214,0
1782,671,1
1783,3685,0
1784,2568,7
1785,305,1
1786,8198,6
1787,2061,0
1788,4823,0
1789,1282,2
1790,1164,1
1791,6643,6
1792,1383,2
1793,9558,2
1794,4856,4
1795,5823,1
1796,1666,0
1797,945,6
1798,5492,6
1799,136,2
1800,3851,1
1801,3817,1
1802,65,0
1803,280,1
1804,9368,0
1805,792,3
1806,1884,2
1807,4720,6
1808,2120,2
1809,1006,6
1810,1381,6
1811,4815,1
1812,2202,2
1813,6773,0
1814,3604,2
1815,4665,0
1816,3310,1
1817,3601,2
1818,4757,0
1819,2530,1
1820,2183,0
1821,4540,3
1822,829,6
1823,2164,2
1824,2834,0
1825,2849,0
1826,2471,3
1827,3479,6
1828,1471,6
1829,1262,6
1830,3148,6
1831,773,2
1832,323,3
1833,4599,6
1834,2260,0
1835,3955,6
1836,1364,1
1837,1921,2
1838,4386,2
1839,4812,4
1840,539,6
1841,4352,2
1842,5725,2
1843,9611,0
1844,1283,2
1845,1014,6
1846,10430,1
1847,831,6
1848,5747,0
1849,11244,0
1850,1472,0
1851,3808,2
1852,3715,6
1853,308,1
1854,453,0
1855,2756,2
1856,1231,1
1857,8301,0
1858,1681,0
1859,893,0
1860,316,3
1861,1662,6
1862,8317,2
1863,4692,6
1864,3730,6
1865,978,6
1866,6935,6
1867,9960,6
1868,2907,0
1869,3232,1
1870,8305,0
1871,205,2
1872,2640,1
1873,5310,2
1874,11423,0
1875,2505,0
1876,5043,0
1877,5495,0
1878,7420,6
1879,40,0
1880,3440,0
1881,1873,6
1882,2417,6
1883,3681,2
1884,2009,1
1885,5594,1
1886,12889,1
1887,204,4
1888,7154,3
1889,4605,0
1890,4707,1
1891,3755,3
1892,4644,0
1893,2095,6
1894,1965,1
1895,7255,4
1896,6263,0
1897,2136,2
1898,4574,6
1899,2671,6
1900,2561,1
1901,7621,0
1902,8511,2
1903,2643,1
1904,176,6
1905,4288,0
1906,2449,6
1907,3761,2
1908,903,2
1909,717,6
1910,6108,6
1911,1875,1
1912,11268,2
1913,3940,6
1914,7296,0
1915,1254,0
1916,9479,2
1917,8537,2
1918,1244,6
1919,5082,6
1920,5084,6
1921,6365,6
1922,6151,0
1923,3442,0
1924,1089,4
1925,5499,4
1926,3111,6
1927,11144,4
1928,16130,6
1929,2043,0
1930,728,2
1931,4200,2
1932,7710,2
1933,4407,3
1934,5473,3
1935,4408,3
1936,8124,1
1937,4411,3
1938,6241,0
1939,6825,0
1940,11593,6
1941,5472,3
1942,3759,2
1943,6314,3
1944,2541,1
1945,3122,2
1946,7877,0
1947,5379,6
1948,3661,1
1949,4412,6
1950,4175,6
1951,8128,2
1952,4522,2
1953,2072,6
1954,4253,6
1955,5135,6
1956,5999,0
1957,7557,1
1958,1859,6
1959,2970,6
1960,2545,3
1961,1760,7
1962,1447,0
1963,1449,0
1964,4776,1
1965,8755,6
1966,4478,2
1967,5851,0
1968,7681,1
1969,3172,0
1970,928,1
1971,1801,1
1972,4628,6
1973,4531,3
1974,1529,4
1975,13302,0
1976,9807,2
1977,6642,6
1978,3748,0
1979,1885,2
1980,3630,2
1981,1764,6
1982,540,2
1983,317,3
1984,6889,0
1985,4406,3
1986,3174,0
1987,11592,6
1988,3462,0
1989,662,6
1990,5115,6
1991,2635,3
1992,2165,2
1993,3315,0
1994,2258,0
1995,3556,0
1996,2474,4
1997,15333,2
1998,5092,6
1999,4251,6
